{"cameraMode":{"drawMode":0,"name":"Shaded","section":"Shading Mode"},"sceneLighting":true,"audioPlay":false,"sceneViewState":{"m_AlwaysRefresh":false,"showFog":true,"showSkybox":true,"showFlares":true,"showImageEffects":true,"showParticleSystems":true,"showVisualEffectGraphs":true,"m_FxEnabled":true},"in2DMode":false,"pivot":{"x":6.383756637573242,"y":-1.4204387664794922,"z":5.9883646965026859},"rotation":{"x":0.15675219893455506,"y":-0.5338838696479797,"z":0.10144087672233582,"w":0.8247153759002686},"size":8.865065574645996,"orthographic":false}